Career_Name,Career_Category,Intermediate_Path,Keywords,Required_Degree,Salary_Min_PKR,Salary_Max_PKR,Universities_Punjab,Universities_Sindh,Universities_KPK,Universities_Balochistan,Universities_Islamabad,Roadmap,Description
Embedded Systems Engineer,IT & Data,ICS (Pre-Engineering),embedded systems microcontroller firmware hardware IoT robotics Arduino,BS Electrical Engineering / BS Computer Engineering (4 years),80000,240000,UET Lahore; FAST-NUCES Lahore; COMSATS Lahore; GCU Lahore,NED University; FAST-NUCES Karachi; Sir Syed University,UET Peshawar; CECOS University,BUITEMS Quetta; Balochistan University of Engineering,NUST; Air University; COMSATS Islamabad,"Step 1: Matric with Physics and Math | Step 2: ICS or FSc Pre-Engineering | Step 3: BS Electrical or Computer Engineering | Step 4: Learn C/C++ for embedded programming | Step 5: Work with Arduino and Raspberry Pi | Step 6: Study RTOS and microcontrollers (ARM, AVR, PIC) | Step 7: Intern at electronics or telecom companies | Step 8: Build IoT or robotics portfolio projects | Step 9: Apply for embedded engineer roles in telecom, aerospace, or automotive","Design and program the firmware of embedded systems found in devices from smartphones to aircraft, industrial machines, and medical equipment."
DevOps Engineer,IT & Data,ICS (Pre-Engineering),DevOps CI/CD pipeline automation deployment Linux Docker Kubernetes Jenkins,BS Computer Science / BS Software Engineering (4 years),100000,300000,FAST-NUCES Lahore; NUST Lahore; COMSATS Lahore; UET Lahore,FAST-NUCES Karachi; NED University; IBA Karachi,UET Peshawar; COMSATS Abbottabad,BUITEMS Quetta,NUST; FAST-NUCES Islamabad; COMSATS Islamabad; Air University,"Step 1: Matric with Computer and Math | Step 2: ICS intermediate | Step 3: BS Computer Science | Step 4: Learn Linux, Bash scripting, and Git | Step 5: Learn Docker and Kubernetes | Step 6: Set up CI/CD pipelines with Jenkins or GitHub Actions | Step 7: Get AWS DevOps or Azure DevOps certification | Step 8: Intern at a software company as DevOps intern | Step 9: Apply for DevOps or Site Reliability Engineer roles","Automate and streamline software development pipelines, manage cloud infrastructure, and ensure reliable deployment of applications."
Blockchain Developer,IT & Data,ICS (Pre-Engineering),blockchain cryptocurrency smart contracts Solidity Web3 DeFi NFT decentralized,BS Computer Science / BS Software Engineering (4 years),100000,350000,FAST-NUCES Lahore; LUMS; COMSATS Lahore,FAST-NUCES Karachi; IBA Karachi; NED University,UET Peshawar; COMSATS Abbottabad,BUITEMS Quetta,NUST; FAST-NUCES Islamabad; COMSATS Islamabad,Step 1: Matric with Computer and Math | Step 2: ICS intermediate | Step 3: BS Computer Science | Step 4: Learn JavaScript and Python thoroughly | Step 5: Study blockchain fundamentals and Ethereum | Step 6: Learn Solidity for smart contract development | Step 7: Build DeFi or NFT projects on testnet | Step 8: Contribute to open-source Web3 projects | Step 9: Apply for blockchain developer roles at crypto startups or fintech firms,"Build decentralized applications, smart contracts, and blockchain infrastructure for cryptocurrency, finance, and supply chain systems."
Database Administrator,IT & Data,ICS (Pre-Engineering),database SQL MySQL PostgreSQL Oracle server data management backup query,BS Computer Science / BS Information Technology (4 years),70000,220000,FAST-NUCES Lahore; UET Lahore; COMSATS Lahore; Virtual University,NED University; FAST-NUCES Karachi; Bahria University Karachi,UET Peshawar; COMSATS Abbottabad,BUITEMS Quetta,COMSATS Islamabad; FAST-NUCES Islamabad; Bahria University,"Step 1: Matric with Computer and Math | Step 2: ICS intermediate | Step 3: BS Computer Science or IT | Step 4: Learn SQL deeply — MySQL, PostgreSQL | Step 5: Study database design and normalization | Step 6: Learn Oracle or Microsoft SQL Server | Step 7: Get Oracle Database or Microsoft SQL certification | Step 8: Intern at a company with large data systems | Step 9: Apply for DBA roles at banks, hospitals, or large corporations","Design, maintain, and secure database systems that store and manage critical data for organizations across all industries."
IT Project Manager,IT & Data,ICS (Pre-Engineering),project management Agile Scrum software team leadership planning IT delivery,BS Computer Science / BBA + PMP Certification (4 years),100000,300000,FAST-NUCES Lahore; LUMS; UET Lahore; COMSATS Lahore,IBA Karachi; FAST-NUCES Karachi; NED University,UET Peshawar; COMSATS Abbottabad,BUITEMS Quetta,NUST; COMSATS Islamabad; Bahria University,Step 1: Matric with Computer | Step 2: ICS intermediate | Step 3: BS Computer Science or BBA | Step 4: Work as developer or BA for 2-3 years | Step 5: Learn Agile and Scrum methodologies | Step 6: Get PMP (Project Management Professional) certification | Step 7: Get Scrum Master certification | Step 8: Lead small development teams on real projects | Step 9: Apply for IT project manager roles at software houses or multinationals,"Plan, execute, and deliver software projects on time and within budget by managing teams, stakeholders, and resources effectively."
Software Engineer,IT & Data,ICS (Pre-Engineering),software development programming coding applications systems backend frontend fullstack,BS Computer Science / BS Software Engineering (4 years),80000,300000,FAST-NUCES Lahore; LUMS; UET Lahore; COMSATS Lahore,FAST-NUCES Karachi; NED University; IBA Karachi,UET Peshawar; COMSATS Abbottabad,BUITEMS Quetta,NUST; FAST-NUCES Islamabad; COMSATS Islamabad,"Step 1: Matric with Computer and Math | Step 2: ICS intermediate | Step 3: BS Computer Science or Software Engineering | Step 4: Learn programming fundamentals — Python, Java, or C++ | Step 5: Build projects and contribute to open source | Step 6: Learn web or mobile frameworks | Step 7: Intern at a software house | Step 8: Apply for junior developer roles | Step 9: Grow into senior engineer or tech lead","Design, develop, and maintain software applications and systems — one of the most in-demand careers in Pakistan and globally."
Data Scientist,IT & Data,ICS (Pre-Engineering),data science machine learning statistics Python R analytics big data insights,BS Computer Science / BS Statistics / BS Data Science (4 years),100000,350000,LUMS; FAST-NUCES Lahore; UET Lahore; COMSATS Lahore,IBA Karachi; FAST-NUCES Karachi; NED University,UET Peshawar; COMSATS Abbottabad,BUITEMS Quetta,NUST; COMSATS Islamabad; Quaid-i-Azam University,"Step 1: Matric with Math and Computer | Step 2: ICS intermediate | Step 3: BS Computer Science or Statistics | Step 4: Learn Python and R for data analysis | Step 5: Study machine learning and statistical modeling | Step 6: Work on Kaggle competitions | Step 7: Intern at a data-driven company | Step 8: Apply for data analyst or junior data scientist roles | Step 9: Specialize in NLP, computer vision, or BI",Extract insights from large datasets using statistics and machine learning to help businesses make data-driven decisions.
AI Engineer,IT & Data,ICS (Pre-Engineering),artificial intelligence deep learning neural networks NLP computer vision TensorFlow,BS Computer Science / BS AI (4 years),120000,400000,LUMS; FAST-NUCES Lahore; NUST Lahore; UET Lahore,FAST-NUCES Karachi; NED University; IBA Karachi,UET Peshawar; COMSATS Abbottabad,BUITEMS Quetta,NUST; COMSATS Islamabad; FAST-NUCES Islamabad,"Step 1: Matric with Math and Computer | Step 2: ICS intermediate | Step 3: BS Computer Science or AI | Step 4: Learn Python and mathematics — linear algebra, calculus, statistics | Step 5: Study deep learning frameworks — TensorFlow, PyTorch | Step 6: Build AI projects — image classifiers, chatbots, recommendation systems | Step 7: Intern at an AI or tech company | Step 8: Apply for AI or ML engineer roles | Step 9: Specialize in NLP, robotics, or generative AI","Build intelligent systems and machine learning models that enable computers to learn, reason, and perform complex tasks autonomously."
Web Developer,IT & Data,ICS (Pre-Engineering),web development HTML CSS JavaScript React frontend backend fullstack websites,BS Computer Science / BS Software Engineering (4 years),60000,250000,FAST-NUCES Lahore; COMSATS Lahore; Virtual University; UET Lahore,FAST-NUCES Karachi; NED University; Bahria University Karachi,UET Peshawar; COMSATS Abbottabad,BUITEMS Quetta,COMSATS Islamabad; FAST-NUCES Islamabad; Bahria University,"Step 1: Matric with Computer and Math | Step 2: ICS intermediate | Step 3: BS Computer Science or self-learn online | Step 4: Master HTML, CSS, and JavaScript | Step 5: Learn a frontend framework — React or Vue | Step 6: Learn backend — Node.js or Django | Step 7: Build 3-5 portfolio websites | Step 8: Freelance on Upwork or Fiverr | Step 9: Join a software house or work remotely for international clients","Build websites and web applications — from front-end interfaces to back-end systems — for businesses, startups, and clients worldwide."
Cybersecurity Analyst,IT & Data,ICS (Pre-Engineering),cybersecurity hacking ethical hacking network security penetration testing CISSP,BS Computer Science / BS Cybersecurity (4 years),90000,350000,FAST-NUCES Lahore; NUST Lahore; UET Lahore; Air University,FAST-NUCES Karachi; NED University; IBA Karachi,UET Peshawar; Air University Kamra,BUITEMS Quetta,NUST; Air University; COMSATS Islamabad,"Step 1: Matric with Computer and Math | Step 2: ICS intermediate | Step 3: BS Computer Science or Cybersecurity | Step 4: Learn networking fundamentals — TCP/IP, firewalls | Step 5: Study ethical hacking — CEH certification | Step 6: Practice on TryHackMe and HackTheBox platforms | Step 7: Get CompTIA Security+ or CISSP certification | Step 8: Intern at a bank or IT security firm | Step 9: Work as security analyst or penetration tester",Protect computer systems and networks from cyberattacks — one of the fastest-growing and highest-paying fields in Pakistani IT.
Mobile App Developer,IT & Data,ICS (Pre-Engineering),mobile apps Android iOS Flutter React Native Swift Kotlin smartphone development,BS Computer Science / BS Software Engineering (4 years),70000,280000,FAST-NUCES Lahore; COMSATS Lahore; UET Lahore; Virtual University,FAST-NUCES Karachi; NED University; Iqra University,UET Peshawar; COMSATS Abbottabad,BUITEMS Quetta,COMSATS Islamabad; FAST-NUCES Islamabad; Bahria University,Step 1: Matric with Computer | Step 2: ICS intermediate | Step 3: BS Computer Science | Step 4: Learn Dart and Flutter for cross-platform development | Step 5: Build 3-5 apps and publish on Google Play Store | Step 6: Learn Android (Kotlin) or iOS (Swift) native development | Step 7: Freelance on Upwork for app projects | Step 8: Join a mobile-focused startup or software house | Step 9: Build own app product or lead mobile team,"Create mobile applications for Android and iOS devices — from consumer apps to enterprise solutions — using Flutter, Kotlin, or Swift."
Cloud Engineer,IT & Data,ICS (Pre-Engineering),cloud computing AWS Azure Google Cloud infrastructure serverless DevOps migration,BS Computer Science / BS Software Engineering (4 years),100000,350000,FAST-NUCES Lahore; NUST Lahore; COMSATS Lahore; UET Lahore,FAST-NUCES Karachi; NED University; IBA Karachi,UET Peshawar; COMSATS Abbottabad,BUITEMS Quetta,NUST; COMSATS Islamabad; Air University,Step 1: Matric with Computer and Math | Step 2: ICS intermediate | Step 3: BS Computer Science | Step 4: Learn Linux and networking fundamentals | Step 5: Get AWS Cloud Practitioner certification | Step 6: Learn Terraform and infrastructure as code | Step 7: Get AWS Solutions Architect or Azure Administrator certification | Step 8: Intern at a company using cloud infrastructure | Step 9: Apply for cloud engineer or solutions architect roles,"Design and manage cloud infrastructure on AWS, Azure, or Google Cloud — helping businesses migrate to and operate in the cloud."
Network Engineer,IT & Data,ICS (Pre-Engineering),networking Cisco routers switches CCNA CCNP infrastructure telecommunications internet,BS Computer Science / BS Telecommunications (4 years),70000,250000,UET Lahore; COMSATS Lahore; FAST-NUCES Lahore; Virtual University,NED University; FAST-NUCES Karachi; Sir Syed University,UET Peshawar; CECOS University,BUITEMS Quetta,COMSATS Islamabad; NUST; Air University,"Step 1: Matric with Computer and Math | Step 2: ICS intermediate | Step 3: BS Computer Science or Telecom | Step 4: Get CCNA (Cisco Certified Network Associate) certification | Step 5: Learn network design, VPNs, and firewalls | Step 6: Get CCNP for senior roles | Step 7: Intern at an ISP or telecom company | Step 8: Work at PTCL, Jazz, Telenor, or IT companies | Step 9: Specialize in network security or cloud networking","Design, implement, and maintain computer networks — the backbone of internet connectivity for businesses, ISPs, and telecom providers in Pakistan."
Game Developer,IT & Data,ICS (Pre-Engineering),game development Unity Unreal gaming 3D programming C# entertainment interactive design,BS Computer Science / BS Game Development (4 years),60000,250000,FAST-NUCES Lahore; Beaconhouse National University; COMSATS Lahore,FAST-NUCES Karachi; Indus Valley School; NED University,UET Peshawar; City University Peshawar,BUITEMS Quetta,COMSATS Islamabad; NUST; Foundation University,Step 1: Matric with Computer and Math | Step 2: ICS intermediate | Step 3: BS Computer Science | Step 4: Learn C# and Unity game engine | Step 5: Build 2-3 small games and publish on itch.io | Step 6: Learn 3D modeling basics with Blender | Step 7: Explore Unreal Engine for AAA-style games | Step 8: Join a game studio or freelance for indie developers | Step 9: Launch own game on Google Play or Steam,"Design and program video games for mobile, PC, and consoles — combining programming skills with creativity and storytelling."
Civil Engineer,Engineering,FSc Pre-Engineering,construction roads bridges buildings infrastructure design project management urban development,BE/BS Civil Engineering (4 years),80000,250000,UET Lahore; COMSATS Lahore; UET Taxila; NFC-IET Multan,NED University; Mehran University; Dawood University,UET Peshawar; City University Peshawar,Balochistan University of Engineering; BUITEMS,NUST; COMSATS Islamabad; Capital University,"Step 1: Matric with Physics and Math | Step 2: FSc Pre-Engineering | Step 3: Clear ECAT for engineering university | Step 4: BE Civil Engineering 4 years | Step 5: Intern at construction company or NESPAK | Step 6: Get PEC registration | Step 7: Work on infrastructure, road, or building projects | Step 8: Get professional engineer license | Step 9: Progress to project manager or start own consultancy","Design and oversee construction of roads, bridges, buildings, dams, and infrastructure — the backbone of Pakistan's development."
Electrical Engineer,Engineering,FSc Pre-Engineering,electricity power systems electronics circuits energy telecom industrial automation,BE/BS Electrical Engineering (4 years),80000,280000,UET Lahore; FAST-NUCES Lahore; COMSATS Lahore; GCU Lahore,NED University; Mehran University; Sir Syed University,UET Peshawar; CECOS University,BUITEMS Quetta; Balochistan University of Engineering,NUST; Air University; COMSATS Islamabad,"Step 1: Matric with Physics and Math | Step 2: FSc Pre-Engineering | Step 3: Clear ECAT | Step 4: BE Electrical Engineering | Step 5: Specialize in power, electronics, or telecom | Step 6: Intern at WAPDA, PTCL, or manufacturing companies | Step 7: Get PEC registration | Step 8: Work in energy, telecom, or industrial sectors | Step 9: Move into project management or consultancy","Design and manage electrical systems, power grids, electronics, and automation — essential for Pakistan's energy and industrial sectors."
Mechanical Engineer,Engineering,FSc Pre-Engineering,machines manufacturing design thermal energy production industrial mechanical systems,BE/BS Mechanical Engineering (4 years),80000,260000,UET Lahore; NUST Lahore; COMSATS Lahore; UET Taxila,NED University; Mehran University; MUET Jamshoro,UET Peshawar; CECOS University,Balochistan University of Engineering; BUITEMS,NUST; COMSATS Islamabad; Air University,"Step 1: Matric with Physics and Math | Step 2: FSc Pre-Engineering | Step 3: BE Mechanical Engineering | Step 4: Learn CAD — AutoCAD, SolidWorks | Step 5: Intern at manufacturing or automotive companies | Step 6: Get PEC registration | Step 7: Work in manufacturing, energy, or automotive | Step 8: Specialize in HVAC, automotive, or industrial design | Step 9: Move to senior engineer or plant manager","Design and maintain machines, engines, thermal systems, and manufacturing processes across Pakistan's industrial and energy sectors."
Architect,Engineering,FSc Pre-Engineering,architecture building design aesthetics urban planning construction drawing creative,B.Arch Architecture (5 years),70000,250000,UET Lahore; NCA Lahore; Beaconhouse National University,NED University; Indus Valley School; DOW University,UET Peshawar; City University Peshawar,BUITEMS Quetta,NUST; Foundation University; COMSATS Islamabad,"Step 1: Matric with Math and Drawing ability | Step 2: FSc Pre-Engineering | Step 3: B.Arch 5-year program | Step 4: Learn AutoCAD, Revit, and SketchUp | Step 5: Intern at architectural firm | Step 6: Get PEC and Council of Architecture registration | Step 7: Work on residential, commercial, or urban design projects | Step 8: Build portfolio with diverse project types | Step 9: Start own architectural practice","Design buildings and urban spaces that combine aesthetics with function — from houses and offices to mosques, schools, and public spaces."
Environmental Scientist,Engineering,FSc Pre-Engineering,environment pollution climate change ecology sustainability water air soil EPA,BS Environmental Science / BS Environmental Engineering (4 years),60000,180000,University of Punjab; GCU Lahore; COMSATS Lahore; UET Lahore,NED University; University of Karachi; Mehran University,UET Peshawar; University of Peshawar,University of Balochistan; BUITEMS,Quaid-i-Azam University; NUST; COMSATS Islamabad,"Step 1: Matric with Biology, Chemistry, and Math | Step 2: FSc Pre-Engineering or Pre-Medical | Step 3: BS Environmental Science | Step 4: Study ecology, pollution control, and environmental law | Step 5: Intern at EPA or environmental consultancy | Step 6: Learn GIS and remote sensing tools | Step 7: Work with government EPA, WWF, or IUCN Pakistan | Step 8: Specialize in climate change, water, or air quality | Step 9: Senior roles in environmental policy or UN agencies","Study and protect Pakistan's environment by monitoring pollution, assessing environmental impact, and developing sustainability solutions."
Agricultural Officer,Engineering,FSc Pre-Engineering,agriculture farming crops soil water irrigation food production livestock rural Pakistan,BS Agriculture / BS Agricultural Engineering (4 years),50000,160000,University of Agriculture Faisalabad; PMAS Arid Agriculture; BZU Multan,Sindh Agriculture University; University of Karachi,Agriculture University Peshawar; University of Swat,Lasbela University of Agriculture; University of Balochistan,PMAS Arid Agriculture University Rawalpindi; Quaid-i-Azam University,"Step 1: Matric with Biology and Chemistry | Step 2: FSc Pre-Engineering or Pre-Medical | Step 3: BS Agriculture or Agricultural Engineering | Step 4: Intern at Agriculture Department or farming companies | Step 5: Get knowledge of pesticides, fertilizers, and irrigation | Step 6: Join Provincial Agriculture Department | Step 7: Work as field officer or research scientist | Step 8: Pursue MS Agriculture for research roles | Step 9: Senior positions in PARC, FAO, or agricultural policy","Support Pakistan's farming sector by improving crop yields, soil health, irrigation, and agricultural technology for farmers across the country."
Chemical Engineer,Engineering,FSc Pre-Engineering,chemistry engineering manufacturing industrial production materials processes plant,BE/BS Chemical Engineering (4 years),80000,220000,UET Lahore; COMSATS Lahore; NFC-IET Multan; University of Punjab,NED University; Mehran University; Dawood University Karachi,UET Peshawar; CECOS University,Balochistan University of Engineering; BUITEMS,NUST; COMSATS Islamabad; Capital University,"Step 1: Matric with Chemistry and Math | Step 2: FSc Pre-Engineering | Step 3: Clear ECAT for engineering universities | Step 4: BE Chemical Engineering 4 years | Step 5: Learn Aspen and HYSYS process simulation | Step 6: Intern at fertilizer, oil, gas, or pharmaceutical companies | Step 7: Get PEC registration | Step 8: Work in petroleum, chemicals, food processing, or textile industry | Step 9: Progress to process manager or plant manager","Design and optimize industrial processes that convert raw materials into chemicals, fuels, pharmaceuticals, food, and other products."
Petroleum Engineer,Engineering,FSc Pre-Engineering,oil gas petroleum drilling reservoir engineering energy extraction OGDCL,BE/BS Petroleum Engineering (4 years),120000,400000,UET Lahore; University of Punjab,Mehran University; NED University,UET Peshawar,Balochistan University of Engineering; BUITEMS,NUST; COMSATS Islamabad,"Step 1: Matric with Physics, Chemistry, Math | Step 2: FSc Pre-Engineering | Step 3: Clear ECAT for UET or NUST | Step 4: BE Petroleum Engineering 4 years | Step 5: Intern at OGDCL, PPL, or ENI Pakistan | Step 6: Get PEC registration | Step 7: Work in drilling, reservoir, or production engineering | Step 8: Specialize in reservoir simulation or offshore engineering | Step 9: Progress to senior engineer or project director at oil companies","Design and manage the extraction of oil and gas from underground reservoirs, ensuring efficient and safe energy production for Pakistan."
Aerospace Engineer,Engineering,FSc Pre-Engineering,aerospace aviation aircraft flight engineering pilot space defence PAF mathematics physics,BE Aerospace Engineering (4 years),100000,350000,UET Lahore; GCU Lahore,NED University; Karachi Institute of Technology,Air University Kamra; UET Peshawar,BUITEMS Quetta,Air University Islamabad; NUST; PAF KIET,"Step 1: Excellent Matric result especially Physics and Math | Step 2: FSc Pre-Engineering with top grades | Step 3: Clear entry test for Air University or NUST Aerospace | Step 4: BE Aerospace Engineering 4 years | Step 5: Study aerodynamics, propulsion, avionics, and structures | Step 6: Intern at PAF, CAA, or aerospace manufacturing | Step 7: Get PEC registration | Step 8: Work at PAF, CAA, SUPARCO, or aviation companies | Step 9: Specialize in avionics, structures, or propulsion systems","Design, develop, and test aircraft, spacecraft, missiles, and defence systems — the closest Pakistani career path to aviation and space exploration."
Structural Engineer,Engineering,FSc Pre-Engineering,structural design buildings bridges load analysis steel concrete construction safety,BE Civil Engineering with Structural specialization (4 years + MS),90000,250000,UET Lahore; COMSATS Lahore; UET Taxila,NED University; Mehran University,UET Peshawar; City University Peshawar,Balochistan University of Engineering,NUST; COMSATS Islamabad,"Step 1: Matric with Math and Physics | Step 2: FSc Pre-Engineering | Step 3: BE Civil Engineering | Step 4: Specialize in structural courses — steel, concrete, dynamics | Step 5: Learn ETABS, SAP2000, and STAAD Pro software | Step 6: Intern at NESPAK or structural consulting firms | Step 7: Get PEC registration | Step 8: Work on high-rise buildings, bridges, or dams | Step 9: Pursue MS Structural Engineering for senior design roles","Analyze and design the structural systems of buildings, bridges, dams, and infrastructure to ensure they are safe, stable, and durable."
Biomedical Engineer,Engineering,FSc Pre-Engineering,biomedical medical devices healthcare engineering biology hospital equipment,BS Biomedical Engineering (4 years),70000,200000,University of Engineering and Technology Lahore; Riphah International University; COMSATS,NED University; Sir Syed University; Dow University,UET Peshawar; Khyber Medical University,BUITEMS Quetta,NUST; COMSATS Islamabad; Riphah International University,"Step 1: Matric with Biology, Physics, and Math | Step 2: FSc Pre-Engineering | Step 3: BS Biomedical Engineering | Step 4: Study medical imaging, biomechanics, and instrumentation | Step 5: Intern at hospitals or medical device companies | Step 6: Learn to service and calibrate medical equipment | Step 7: Get PEC registration | Step 8: Work in hospital biomedical departments or with medical device firms | Step 9: Move into R&D, regulatory affairs, or hospital management roles","Design and maintain medical devices, imaging systems, and healthcare technology that improve patient diagnosis and treatment."
Doctor (MBBS),Medical & Health,FSc Pre-Medical,medicine doctor MBBS health hospital clinical diagnosis treatment surgery patient care,MBBS (5 years) + 1 year house job,80000,400000,King Edward Medical University; Allama Iqbal Medical College; CMH Lahore; Army Medical College,Aga Khan University; Dow Medical College; Jinnah Medical University,Khyber Medical University; Ayub Medical College; Rehman Medical College,Bolan Medical College Quetta; Sandeman Provincial Hospital,Shifa College of Medicine; Army Medical College; Quaid-i-Azam University Medical,Step 1: Matric with Biology and Chemistry | Step 2: FSc Pre-Medical | Step 3: Clear MDCAT (Medical and Dental College Admission Test) | Step 4: MBBS 5-year degree at medical college | Step 5: Complete 1-year mandatory house job | Step 6: Get PMDC registration | Step 7: Work as Medical Officer at hospital | Step 8: Specialize through FCPS or MS in chosen specialty | Step 9: Practice as specialist or pursue academic medicine,"Diagnose and treat illness, prescribe medications, and provide medical care — the most respected health profession in Pakistan."
Dentist,Medical & Health,FSc Pre-Medical,dental teeth oral health BDS surgery jaw clinic dentistry orthodontics,BDS Bachelor of Dental Surgery (4 years) + 1 year house job,70000,300000,University of Health Sciences Lahore; de Montmorency College of Dentistry; CMH Dental,Aga Khan University; Dow Dental College; Karachi Medical and Dental College,Khyber College of Dentistry; Rehman College of Dentistry,Bolan Medical College Dental,Shifa College of Dentistry; Army Dental College; PIMS Dental Section,"Step 1: Matric with Biology and Chemistry | Step 2: FSc Pre-Medical | Step 3: Clear MDCAT | Step 4: BDS 4-year degree | Step 5: Complete 1-year house job | Step 6: Get PMDC registration | Step 7: Open private dental clinic or join hospital | Step 8: Specialize in orthodontics, oral surgery, or endodontics | Step 9: Build patient base and expand to multi-chair clinic",Diagnose and treat oral health conditions — from routine checkups and fillings to orthodontics and oral surgery.
Pharmacist,Medical & Health,FSc Pre-Medical,pharmacy medicine drug dispensing hospital clinical pharmaceutical industry regulation,Pharm-D Doctor of Pharmacy (5 years),60000,200000,University of Punjab; University of Lahore; Lahore College of Pharmaceutical Sciences,University of Karachi; Hamdard University; Dow University,University of Peshawar; Khyber Medical University,University of Balochistan,Quaid-i-Azam University; Shifa Tameer-e-Millat; Riphah International University,"Step 1: Matric with Biology and Chemistry | Step 2: FSc Pre-Medical | Step 3: Pharm-D 5-year degree | Step 4: Complete internship at hospital or community pharmacy | Step 5: Get Pharmacy Council of Pakistan registration | Step 6: Work in hospital pharmacy, retail, or pharmaceutical industry | Step 7: Specialize in clinical pharmacy or pharmaceutical marketing | Step 8: Pursue MS for research or regulatory roles | Step 9: Senior roles in pharmaceutical companies or hospital administration","Dispense medications, counsel patients on drug use, and ensure safe pharmaceutical practices in hospitals, pharmacies, and the pharmaceutical industry."
Nurse,Medical & Health,FSc Pre-Medical,nursing healthcare hospital patient care clinical health BSN midwifery ICU ward,BSN Bachelor of Science in Nursing (4 years),45000,150000,University of Health Sciences Lahore; CMH Lahore; Aga Khan University,Aga Khan University; Dow University; Jinnah Hospital Karachi,Khyber Medical University; Lady Reading Hospital School of Nursing,Bolan Medical College; Fatima Jinnah Hospital School of Nursing,Shifa Tameer-e-Millat; Quaid-i-Azam University; Army School of Nursing,"Step 1: Matric with Biology | Step 2: FSc Pre-Medical | Step 3: BSN 4-year degree | Step 4: Clinical rotations in medical, surgical, and ICU wards | Step 5: Complete internship at teaching hospital | Step 6: Get Pakistan Nursing Council registration | Step 7: Work in government hospital, private hospital, or clinic | Step 8: Specialize in ICU, oncology, or midwifery | Step 9: Pursue MS Nursing for management or teaching roles","Provide direct patient care, administer medications, and support doctors in hospitals, clinics, and community health settings."
Psychologist,Medical & Health,FSc Pre-Medical,psychology mental health therapy counseling behavior clinical research emotions brain,BS Psychology + MS Clinical Psychology (6 years),60000,200000,University of Punjab; GCU Lahore; Forman Christian College; Lahore College for Women University,University of Karachi; Aga Khan University; University of Sindh,University of Peshawar; Islamia College Peshawar,University of Balochistan,Quaid-i-Azam University; International Islamic University; Bahria University,"Step 1: Matric with any subjects | Step 2: FSc Pre-Medical or FA | Step 3: BS Psychology 4 years | Step 4: Volunteer at mental health NGOs or counseling centers | Step 5: MS Clinical Psychology 2 years | Step 6: Complete supervised clinical practicum | Step 7: Get Pakistan Psychological Association registration | Step 8: Work in hospitals, schools, or private practice | Step 9: Specialize in cognitive therapy, child psychology, or organizational psychology","Assess and treat mental health conditions through therapy, counseling, and psychological interventions — a fast-growing field in Pakistan."
Physiotherapist,Medical & Health,FSc Pre-Medical,physiotherapy physical therapy rehabilitation fitness sports injury health movement recovery,DPT Doctor of Physiotherapy (5 years),60000,200000,University of Lahore; Riphah International University; CMH Lahore; Superior University,Dow University; Aga Khan University; Jinnah Sindh Medical University,Khyber Medical University; Rehman Medical College Peshawar,Bolan Medical College Quetta,Shifa Tameer-e-Millat University; Riphah International University; Army Medical College,"Step 1: Matric with Biology and Chemistry | Step 2: FSc Pre-Medical | Step 3: DPT entry test at physiotherapy colleges | Step 4: Complete DPT 5-year degree with clinical rotations | Step 5: Complete 6-month supervised internship | Step 6: Get Pakistan Physiotherapy Association registration | Step 7: Work at hospital, rehabilitation center, or sports facility | Step 8: Specialize in sports physiotherapy, orthopedics, or neurology | Step 9: Open private clinic or work with professional sports teams","Help patients recover from injuries, surgeries, and chronic conditions by designing rehabilitation programs using exercise and manual therapy."
Sports Coach,Medical & Health,FSc Pre-Medical,sports coaching fitness physical training athlete health exercise swimming cricket football,BS Sports Sciences / BS Physical Education (4 years),40000,150000,University of Punjab Sports Sciences; University of Education Lahore; IUB Bahawalpur,University of Karachi; University of Sindh Sports Sciences,University of Peshawar; Islamia College Physical Education,University of Balochistan,Allama Iqbal Open University; Federal Urdu University,"Step 1: Matric with any subjects — athletic background helpful | Step 2: FSc or FA intermediate | Step 3: BS Sports Sciences or Physical Education | Step 4: Get coaching certifications from Pakistan Sports Board | Step 5: Assist experienced coaches at academies or schools | Step 6: Specialize in one sport — cricket, football, swimming, athletics | Step 7: Get Level 1 and Level 2 coaching licenses | Step 8: Coach at school, club, or provincial level | Step 9: Work with national teams or establish own sports academy","Train and develop athletes in physical skills, strategy, and mental preparation — the ideal career for those passionate about sports and fitness."
Nutritionist / Dietitian,Medical & Health,FSc Pre-Medical,nutrition diet food health wellness weight management clinical dietetics,BS Human Nutrition / BS Dietetics (4 years),50000,160000,University of Agriculture Faisalabad; University of Lahore; Riphah International University,University of Karachi; Dow University; Hamdard University,Agriculture University Peshawar; University of Peshawar,University of Balochistan,PMAS Arid Agriculture University; Quaid-i-Azam University; Shifa Tameer-e-Millat,"Step 1: Matric with Biology and Chemistry | Step 2: FSc Pre-Medical | Step 3: BS Human Nutrition or Dietetics | Step 4: Study clinical nutrition, food science, and dietetic practice | Step 5: Complete internship at hospital or nutrition clinic | Step 6: Get Pakistan Dietetic Association registration | Step 7: Work in hospitals, gyms, schools, or corporate wellness programs | Step 8: Specialize in clinical dietetics, sports nutrition, or pediatric nutrition | Step 9: Open private nutrition practice or work with athletes","Assess nutritional needs and design personalized diet plans to help people improve health, manage diseases, and achieve fitness goals."
Veterinarian,Medical & Health,FSc Pre-Medical,animals veterinary medicine livestock pets biology health treatment surgery,DVM Doctor of Veterinary Medicine (5 years),60000,200000,University of Agriculture Faisalabad; University of Veterinary and Animal Sciences Lahore,Sindh Agriculture University; University of Karachi,Agriculture University Peshawar,Lasbela University of Agriculture; University of Balochistan,PMAS Arid Agriculture University; NARC Islamabad,"Step 1: Matric with Biology and Chemistry | Step 2: FSc Pre-Medical | Step 3: DVM entry test at veterinary colleges | Step 4: Complete DVM degree 5 years | Step 5: Complete internship at veterinary hospital or livestock farm | Step 6: Get Pakistan Veterinary Medical Council registration | Step 7: Work in animal hospitals, livestock departments, or food safety | Step 8: Specialize in livestock, poultry, wildlife, or companion animals | Step 9: Open private clinic, join government livestock department, or work with NGOs","Diagnose and treat diseases in animals, promote animal health and welfare, and ensure the safety of food derived from livestock."
Public Health Specialist,Medical & Health,FSc Pre-Medical,public health community health epidemiology disease prevention WHO health policy,MBBS + MPH / BS Public Health (4-6 years),80000,250000,University of Health Sciences Lahore; Aga Khan University; King Edward Medical University,Aga Khan University Karachi; Dow University; Jinnah Medical University,Khyber Medical University; Health Services Academy Islamabad,Bolan Medical College,Health Services Academy Islamabad; Shifa Tameer-e-Millat; Quaid-i-Azam University,"Step 1: Matric with Biology | Step 2: FSc Pre-Medical | Step 3: MBBS or BS Public Health | Step 4: Study epidemiology, biostatistics, and health policy | Step 5: Work with WHO, UNICEF, or government health departments | Step 6: Complete MPH for senior positions | Step 7: Design and implement community health programs | Step 8: Work on disease surveillance and outbreak response | Step 9: Progress to health policy advisor or senior WHO/UN roles",Design and implement health programs that prevent disease and improve the wellbeing of entire communities and populations across Pakistan.
Marketing Manager,Business & Marketing,ICOM (Commerce),marketing brand advertising campaigns strategy market research consumer behavior sales,BBA Marketing / MBA Marketing (4 years),80000,280000,LUMS; IBA Punjab; UMT Lahore; FAST-NUCES Lahore,IBA Karachi; SZABIST; Iqra University,Sarhad University; IBMS Peshawar,BUITEMS; University of Balochistan,NUST Business School; SZABIST; Bahria University,"Step 1: Matric with Math and English | Step 2: ICOM intermediate | Step 3: BBA Marketing | Step 4: Study consumer behavior, market research, and brand management | Step 5: Intern at marketing agency or FMCG company | Step 6: Learn digital marketing tools — Google Analytics, Meta Ads | Step 7: Work as marketing executive or brand executive | Step 8: Get Google and Meta certifications | Step 9: Rise to Marketing Manager or Brand Director",Develop and execute marketing strategies to promote products and build brand recognition for companies across Pakistan.
Business Analyst,Business & Marketing,ICOM (Commerce),business analysis requirements data process improvement project consulting strategy,BBA / BS Computer Science / MBA (4 years),80000,250000,LUMS; FAST-NUCES Lahore; UMT; COMSATS Lahore,IBA Karachi; SZABIST; NED University,Sarhad University; COMSATS Abbottabad,BUITEMS Quetta,NUST; COMSATS Islamabad; Bahria University,"Step 1: Matric with Math | Step 2: ICOM intermediate | Step 3: BBA or BS Computer Science | Step 4: Learn requirements gathering and process mapping | Step 5: Get CBAP or PMI-PBA certification | Step 6: Learn SQL for data analysis | Step 7: Intern at software house or consultancy | Step 8: Work as junior business analyst | Step 9: Specialize in financial systems, ERP, or IT transformation","Bridge the gap between business needs and technology solutions by analyzing processes, gathering requirements, and recommending improvements."
Digital Marketer,Business & Marketing,ICOM (Commerce),digital marketing SEO social media Google Ads Facebook campaigns email content strategy,BBA Marketing / BS Mass Communication / Self-taught with certifications (4 years),60000,200000,LUMS; UMT; Beaconhouse National University; Virtual University,IBA Karachi; SZABIST; Iqra University,Sarhad University; Islamia College Peshawar,BUITEMS; University of Balochistan,SZABIST; COMSATS Islamabad; Bahria University,"Step 1: Matric with any subjects | Step 2: ICOM intermediate | Step 3: BBA or BS Mass Communication | Step 4: Get Google Digital Marketing and Meta Blueprint certifications | Step 5: Build personal brand on LinkedIn and Instagram | Step 6: Manage social media for a small business | Step 7: Learn SEO, email marketing, and Google Analytics | Step 8: Work at digital agency or in-house marketing team | Step 9: Specialize in performance marketing, SEO, or content strategy","Run online marketing campaigns through social media, search engines, email, and content to grow brands and generate leads in the digital space."
HR Manager,Business & Marketing,ICOM (Commerce),human resources recruitment training people management organizational development payroll,BBA HRM / MBA Human Resources (4 years),70000,220000,LUMS; IBA Punjab; UMT; Superior University Lahore,IBA Karachi; SZABIST; Iqra University,Sarhad University; IBMS Peshawar,BUITEMS; University of Balochistan,NUST Business School; Bahria University; SZABIST,"Step 1: Matric with any subjects | Step 2: ICOM intermediate | Step 3: BBA HRM | Step 4: Intern in HR department of a company | Step 5: Learn HRIS systems and payroll management | Step 6: Get SHRM or CHRP certification | Step 7: Work as HR executive or recruitment officer | Step 8: Lead hiring, training, and performance management programs | Step 9: Rise to HR Manager or HR Director","Recruit, develop, and manage an organization's workforce — handling hiring, training, performance management, and employee relations."
Supply Chain Manager,Business & Marketing,ICOM (Commerce),supply chain logistics procurement inventory operations warehousing import export distribution,BBA Supply Chain / MBA Operations Management (4 years),80000,250000,LUMS; UMT; FAST-NUCES Lahore; UET Lahore,IBA Karachi; SZABIST; NED University,Sarhad University; COMSATS Abbottabad,BUITEMS Quetta,NUST; COMSATS Islamabad; Bahria University,"Step 1: Matric with Math | Step 2: ICOM intermediate | Step 3: BBA Supply Chain Management | Step 4: Learn ERP systems — SAP, Oracle | Step 5: Intern at a manufacturing or logistics company | Step 6: Get CIPS or CSCMP certification | Step 7: Work in procurement, warehousing, or logistics | Step 8: Manage vendor relationships and inventory optimization | Step 9: Progress to Supply Chain Director or Operations Manager","Manage the flow of goods from suppliers to customers — overseeing procurement, warehousing, logistics, and inventory for businesses."
Hospitality Manager,Business & Marketing,ICOM (Commerce),hospitality hotel management food restaurant tourism cooking service catering events,BS Hospitality Management / BBA Hotel Management (4 years),60000,180000,NUML Lahore; University of Management and Technology; Hailey College Lahore,IBA Karachi; Karachi Institute of Hospitality Management; SZABIST,Sarhad University; IBMS Peshawar,University of Balochistan,NUML Islamabad; Bahria University; Foundation University,"Step 1: Matric with any subjects | Step 2: ICOM or FA intermediate | Step 3: BS Hospitality Management | Step 4: Study food and beverage management, front office, and event planning | Step 5: Intern at 5-star hotels — Pearl Continental, Serena, Marriott | Step 6: Get food hygiene and hospitality certifications | Step 7: Work in hotel operations, restaurant, or event management | Step 8: Move to food and beverage manager or hotel operations manager | Step 9: Progress to general manager or open own restaurant/catering business","Manage hotels, restaurants, and tourism businesses to deliver excellent guest experiences — ideal for those passionate about food and hospitality."
Entrepreneur,Business & Marketing,ICOM (Commerce),business startup entrepreneurship innovation self-employed founder venture creativity,BBA / BS Business Administration / Any degree (4 years),0,1000000,LUMS; IBA Punjab; UMT Lahore; NUST Business School,IBA Karachi; SZABIST; Iqra University,Sarhad University; IBMS Peshawar,BUITEMS; University of Balochistan,NUST Business School; SZABIST; Bahria University; LUMS Islamabad,"Step 1: Matric with any subjects | Step 2: Any intermediate stream | Step 3: BBA or BS in your target industry | Step 4: Identify a real problem in Pakistan that needs solving | Step 5: Build a minimum viable product or service | Step 6: Join incubators — NUST iNCubator, LUMS CED, Invest2Innovate | Step 7: Apply for SMEDA or Ignite startup grants | Step 8: Launch and iterate based on customer feedback | Step 9: Scale business or seek venture capital funding","Build and run your own business — the path for students who want to create jobs, solve real problems, and be their own boss in Pakistan."
Real Estate Agent,Business & Marketing,ICOM (Commerce),real estate property sales buying selling housing investment construction business,BBA / BS Business Administration / Any degree (4 years),50000,500000,University of Punjab; UMT Lahore; Superior University,University of Karachi; Iqra University; SZABIST,Sarhad University; University of Peshawar,University of Balochistan,Bahria University; SZABIST; Quaid-i-Azam University,"Step 1: Matric with any subjects | Step 2: ICOM intermediate | Step 3: BBA or any degree — real estate is largely skills-based | Step 4: Study real estate law, property valuation, and market analysis | Step 5: Work as assistant to experienced agent or at a real estate firm | Step 6: Build local area knowledge in Lahore, Karachi, or Islamabad markets | Step 7: Get RERA (Real Estate Regulatory Authority) license | Step 8: Build client network and close first independent deals | Step 9: Open own agency or specialize in commercial property investment","Help buyers, sellers, and investors navigate property transactions — one of the most lucrative commission-based careers in Pakistan."
E-Commerce Manager,Business & Marketing,ICOM (Commerce),e-commerce online shopping Daraz Amazon dropshipping digital store product management,BBA / BS Business Administration / BS IT (4 years),60000,200000,LUMS; UMT; COMSATS Lahore; Virtual University,IBA Karachi; SZABIST; Iqra University,Sarhad University; COMSATS Abbottabad,BUITEMS; University of Balochistan,SZABIST; Bahria University; COMSATS Islamabad,"Step 1: Matric with any subjects | Step 2: ICOM intermediate | Step 3: BBA or BS IT/Business | Step 4: Learn Daraz seller platform and Amazon FBA basics | Step 5: Start a test store with a small product range | Step 6: Learn product research, pricing strategy, and inventory management | Step 7: Master Facebook and Google ads for e-commerce | Step 8: Scale to a full product catalog and team | Step 9: Grow to private label brand or manage e-commerce for large companies","Manage online stores on Daraz, Amazon, or own websites — handling products, marketing, inventory, and customer experience."
Chartered Accountant,Finance & Commerce,ICOM (Commerce),CA accounting audit finance ICAP chartered accountant taxation corporate financial reporting,CA (ICAP) qualification (5-6 years),100000,500000,ICAP Lahore; Skans School of Accountancy; KPMG Training; Lahore College,ICAP Karachi; Skans Karachi; PwC Pakistan; EY Pakistan,ICAP Peshawar; Skans Peshawar,ICAP Quetta,ICAP Islamabad; Skans Islamabad; Deloitte Pakistan,"Step 1: Matric with Math | Step 2: ICOM intermediate | Step 3: Register with ICAP for CA Foundation | Step 4: Pass CA Foundation exams | Step 5: Complete CA Intermediate | Step 6: Articleship at a CA firm — Big Four or mid-tier | Step 7: Pass CA Final exams | Step 8: Get ICAP membership | Step 9: Work at Big Four, corporates, or start own practice","Audit financial statements, provide tax advice, and ensure financial compliance for corporations — the most prestigious finance qualification in Pakistan."
ACCA Accountant,Finance & Commerce,ICOM (Commerce),ACCA accounting international finance audit UK qualification global chartered certified,ACCA qualification (3-4 years),80000,400000,Skans Lahore; ACCA Pakistan Lahore; PWC Academy; Oxford Brookes University partner colleges,Skans Karachi; ACCA Pakistan Karachi; BPP Learning Media,Skans Peshawar; ACCA Pakistan Peshawar,Skans Quetta; ACCA Pakistan Quetta,Skans Islamabad; ACCA Pakistan Islamabad; Bahria University,"Step 1: Matric with Math | Step 2: ICOM intermediate | Step 3: Register with ACCA Global | Step 4: Complete Applied Knowledge papers — FA, MA, BT | Step 5: Complete Applied Skills papers — FR, AA, TX, PM, FM | Step 6: Complete Strategic Professional papers — SBL, SBR, and two options | Step 7: Complete 3-year Practical Experience Requirement | Step 8: Get ACCA membership | Step 9: Work internationally or at multinationals in Pakistan","An internationally recognized accounting qualification that opens doors to finance careers across Pakistan, the UK, Middle East, and worldwide."
Financial Analyst,Finance & Commerce,ICOM (Commerce),finance investment analysis valuation financial modeling Excel stocks equity research banking,BBA Finance / BS Finance / CFA (4 years),80000,300000,LUMS; IBA Punjab; FAST-NUCES Lahore; UMT,IBA Karachi; SZABIST; Iqra University,Sarhad University; IBMS Peshawar,BUITEMS; University of Balochistan,NUST Business School; Quaid-i-Azam University; SZABIST,"Step 1: Matric with Math | Step 2: ICOM intermediate | Step 3: BBA Finance | Step 4: Learn financial modeling in Excel | Step 5: Study company valuation — DCF, comparables | Step 6: Intern at investment bank, brokerage, or corporate finance | Step 7: Pursue CFA Level 1 certification | Step 8: Work as analyst at PSX-listed company or fund | Step 9: Progress to senior analyst or portfolio manager","Analyze financial data, build valuation models, and provide investment recommendations for banks, funds, and corporations."
Banker,Finance & Commerce,ICOM (Commerce),banking finance loans credit retail corporate Islamic banking HBL UBL Meezan ABL,BBA Finance / MBA Banking (4 years),60000,300000,LUMS; IBA Punjab; UMT; FAST-NUCES Lahore,IBA Karachi; SZABIST; Iqra University,Sarhad University; IBMS Peshawar,BUITEMS; University of Balochistan,NUST Business School; Bahria University; SZABIST,"Step 1: Matric with Math | Step 2: ICOM intermediate | Step 3: BBA Finance | Step 4: Apply to bank Management Trainee Officer programs | Step 5: Complete bank training program | Step 6: Start in retail banking — branch operations, customer service | Step 7: Move to corporate banking, credit, or treasury | Step 8: Get ACCA, CFA, or Islamic Banking certification | Step 9: Rise to Branch Manager, Credit Head, or CFO","Work in retail, corporate, or Islamic banking — managing loans, deposits, trade finance, and customer relationships at Pakistan's major banks."
Investment Analyst,Finance & Commerce,ICOM (Commerce),investment PSX stocks mutual funds portfolio equity research capital markets trading finance,BBA Finance / CFA / MBA Finance (4 years),80000,350000,LUMS; IBA Punjab; FAST-NUCES Lahore,IBA Karachi; SZABIST; Iqra University,Sarhad University; University of Peshawar,BUITEMS; University of Balochistan,NUST Business School; Quaid-i-Azam University; SZABIST,Step 1: Matric with Math | Step 2: ICOM intermediate | Step 3: BBA Finance | Step 4: Learn financial statement analysis and stock valuation | Step 5: Intern at brokerage house or asset management company | Step 6: Pass CFA Level 1 | Step 7: Work as research analyst covering PSX sectors | Step 8: Pass CFA Levels 2 and 3 | Step 9: Portfolio manager at mutual fund or hedge fund,"Research and analyze investment opportunities in stocks, bonds, and funds — working at brokerages, asset managers, and investment banks."
Economist,Finance & Commerce,ICOM (Commerce),economics policy research macroeconomics development government finance trade statistics,BS Economics / MS Economics (6 years),70000,250000,LUMS; University of Punjab; GCU Lahore; Forman Christian College,IBA Karachi; University of Karachi; Aga Khan University,University of Peshawar; Islamia College,University of Balochistan,Quaid-i-Azam University; PIDE; International Islamic University; NUST,"Step 1: Matric with Math | Step 2: ICOM intermediate | Step 3: BS Economics | Step 4: Study econometrics, macro/microeconomics, and development economics | Step 5: Intern at SBP, Ministry of Finance, or World Bank | Step 6: MS Economics with thesis | Step 7: Work at PIDE, SBP, or government planning bodies | Step 8: Publish research in peer-reviewed journals | Step 9: Senior economist roles at IMF, World Bank, or government ministries","Analyze economic data, develop policy recommendations, and study how resources are produced and distributed in Pakistan and globally."
Tax Consultant,Finance & Commerce,ICOM (Commerce),taxation FBR tax returns income tax sales tax compliance advisory government,BBA / CA / ACCA / BS Accounting (4 years),70000,300000,LUMS; IBA Punjab; ICAP Lahore; Skans Accountancy Lahore,IBA Karachi; ICAP Karachi; Hamdard University,ICAP Peshawar; University of Peshawar,ICAP Quetta; University of Balochistan,ICAP Islamabad; Quaid-i-Azam University; SZABIST,"Step 1: Matric with Math | Step 2: ICOM intermediate | Step 3: BBA or start CA/ACCA qualification | Step 4: Study Pakistani tax law — Income Tax Ordinance 2001, Sales Tax Act | Step 5: Learn FBR portal, IRIS, and filing procedures | Step 6: Work at a tax consultancy firm or CA firm | Step 7: Get registered as FBR tax practitioner | Step 8: Build client base of individuals and businesses | Step 9: Open own tax consultancy or join a Big-4 tax department","Help individuals and businesses comply with Pakistani tax laws, minimize tax liabilities, and navigate FBR regulations efficiently."
Insurance Specialist,Finance & Commerce,ICOM (Commerce),insurance life health policy underwriting claims actuarial risk finance,BBA Finance / BS Actuarial Science / MBA Finance (4 years),60000,200000,LUMS; IBA Punjab; UMT; University of Punjab,IBA Karachi; SZABIST; Iqra University,Sarhad University; IBMS Peshawar,BUITEMS; University of Balochistan,Quaid-i-Azam University; SZABIST; Bahria University,"Step 1: Matric with Math | Step 2: ICOM intermediate | Step 3: BBA Finance or BS Actuarial Science | Step 4: Study risk management, underwriting, and insurance products | Step 5: Get SECP insurance license | Step 6: Join Jubilee Life, EFU, or State Life as trainee agent or officer | Step 7: Study for actuarial exams (IFOA or SOA) for senior roles | Step 8: Specialize in life, health, or general insurance | Step 9: Move to underwriting manager or actuarial analyst roles","Design and sell insurance products, assess risks, and manage claims to protect individuals and businesses from financial losses."
Lawyer,Law & Social Sciences,FA (Arts) or FSc,law court legal practice litigation barrister advocate criminal civil LLB justice,LLB (3 years after BA) or 5-year LLB,60000,500000,Punjab University Law College; GCU Lahore Law; University of Lahore Law,University of Karachi Law; Sindh Muslim Law College; Aga Khan University,University of Peshawar Law Faculty; Islamia College,University of Balochistan Law Department; Balochistan Law College,International Islamic University Law; Quaid-i-Azam University; SZABIST Law,"Step 1: Matric with strong English | Step 2: FA or FSc intermediate | Step 3: BA or BSc then 3-year LLB — or 5-year LLB directly | Step 4: Study constitutional, civil, criminal, and Islamic law | Step 5: Complete pupillage under an experienced advocate | Step 6: Get enrolled with Provincial Bar Council | Step 7: Practice in sessions or high court | Step 8: Specialize in corporate, criminal, or family law | Step 9: Apply for judgeship or senior advocate designation","Represent clients in courts, provide legal advice, draft documents, and advocate for justice across criminal, civil, and corporate law matters."
Corporate Lawyer,Law & Social Sciences,FA (Arts) or FSc,corporate law mergers acquisitions contracts business law compliance legal counsel LLB,LLB + LLM Corporate Law (5-6 years),100000,600000,Punjab University Law College; Lahore University of Management Sciences,University of Karachi Law; Aga Khan University; IBA Karachi,University of Peshawar Law Faculty,University of Balochistan Law Department,International Islamic University; Quaid-i-Azam University; SZABIST,"Step 1: Matric with English | Step 2: FA or FSc | Step 3: LLB 5-year | Step 4: Focus on corporate, commercial, and contract law | Step 5: Intern at corporate law firm — Cornelius Lane Mufti, Orr Dignam | Step 6: Get LLM in corporate or commercial law | Step 7: Work as associate at top-tier law firm | Step 8: Advise on mergers, acquisitions, and regulatory compliance | Step 9: Progress to partner or General Counsel at major corporation",Advise businesses on legal matters — from mergers and contracts to regulatory compliance and corporate governance.
Diplomat/CSS Officer,Law & Social Sciences,FA (Arts) or FSc,CSS civil service Pakistan administrative service foreign service diplomat government IAS PAS,Any BS/BA degree + CSS Exam (4 years + exam),80000,300000,University of Punjab; GCU Lahore; LUMS; Forman Christian College,University of Karachi; IBA Karachi; Aga Khan University,University of Peshawar; Islamia College,University of Balochistan,Quaid-i-Azam University; International Islamic University; NUST,"Step 1: Matric with all subjects | Step 2: FA or FSc | Step 3: Any BS degree — Political Science, Economics, or Law preferred | Step 4: Begin CSS preparation — current affairs, Pakistan affairs, essay | Step 5: Clear CSS written examination | Step 6: Pass psychological assessment and viva | Step 7: Join Civil Service Academy Lahore for training | Step 8: Get allocated to PAS, FPS, or Police Service | Step 9: Rise through ranks to commissioner, ambassador, or secretary level","Serve Pakistan as a civil servant or diplomat — managing districts, representing Pakistan abroad, and implementing national policy."
Social Worker,Law & Social Sciences,FA (Arts) or FSc,community social work helping people NGO welfare society development volunteering,BS Social Work / BS Sociology / BS Development Studies (4 years),45000,150000,University of Punjab; GCU Lahore; Forman Christian College; BZU Multan,University of Karachi; Aga Khan University; University of Sindh,University of Peshawar; Islamia College; University of Swat,University of Balochistan,Quaid-i-Azam University; International Islamic University; NUST,"Step 1: Matric with any subjects | Step 2: FA or FSc intermediate | Step 3: BS Social Work or Sociology | Step 4: Volunteer at NGOs and community organizations | Step 5: Intern at UNICEF, Save the Children, or local welfare bodies | Step 6: Specialize in child welfare, women rights, or community development | Step 7: Get employment at an international NGO or government social department | Step 8: Pursue MS Social Work for senior roles | Step 9: Move into program management or policy advisory positions","Support individuals, families, and communities to overcome challenges, access resources, and improve their quality of life across Pakistan."
Criminologist,Law & Social Sciences,FA (Arts) or FSc,crime justice police forensics investigation law criminology research FIA NAB,BS Criminology / BS Sociology / LLB (4 years),55000,160000,University of Punjab; GCU Lahore; University of Lahore,University of Karachi; University of Sindh,University of Peshawar; Islamia College,University of Balochistan,Quaid-i-Azam University; International Islamic University; NUST,"Step 1: Matric with good academic record | Step 2: FA or FSc intermediate | Step 3: BS Criminology or Sociology | Step 4: Study criminal justice, forensic science, and research methods | Step 5: Intern at police, FIA, or forensic labs | Step 6: Complete MS Criminology for research and policy roles | Step 7: Work with law enforcement, courts, or research institutions | Step 8: Specialize in cybercrime, juvenile justice, or forensic investigation | Step 9: Pursue senior roles in FIA, NAB, or international crime agencies","Study the causes and patterns of crime, work with law enforcement, and develop policies to improve justice and reduce crime in Pakistan."
Political Scientist,Law & Social Sciences,FA (Arts) or FSc,politics government policy international relations research governance think tank analysis,BS Political Science / BS International Relations (4 years),60000,200000,University of Punjab; GCU Lahore; Forman Christian College; LUMS,University of Karachi; IBA Karachi,University of Peshawar; Islamia College,University of Balochistan,Quaid-i-Azam University; International Islamic University; NUST; PIDE,"Step 1: Matric with strong English and social sciences | Step 2: FA or FSc intermediate | Step 3: BS Political Science or International Relations | Step 4: Study comparative politics, international law, and policy analysis | Step 5: Intern at think tanks, embassies, or government ministries | Step 6: Complete MS Political Science or International Relations | Step 7: Work at ISSI, PILDAT, or government policy units | Step 8: Pursue CSS for foreign service or administrative career | Step 9: Academic or senior advisory roles at universities or UN agencies","Analyze political systems, international relations, and government policy — working at think tanks, universities, embassies, and international organizations."
Human Rights Activist,Law & Social Sciences,FA (Arts) or FSc,human rights justice advocacy law community welfare society NGO HRCP women rights,BS Law / BS Social Work / BS Political Science + LLB (4-6 years),50000,200000,Punjab University Law College; GCU Lahore; Forman Christian College,University of Karachi; Aga Khan University,University of Peshawar Law Faculty,University of Balochistan Law Department,International Islamic University; Quaid-i-Azam University; NUST,"Step 1: Matric with any subjects — compassion and courage are key | Step 2: FA or FSc intermediate | Step 3: BS Law or Political Science | Step 4: Volunteer with HRCP, Aurat Foundation, or local NGOs | Step 5: Complete LLB for legal advocacy work | Step 6: Work with international human rights organizations | Step 7: File public interest litigation cases | Step 8: Build reputation through documented casework and publications | Step 9: Lead programs at Amnesty International, UNHCR, or government commissions","Advocate for the rights of marginalized communities, challenge injustice in courts, and work with organizations to protect human dignity in Pakistan."
Graphic Designer,Design & Creative,FA (Arts) or ICS,graphic design visual communication branding logo illustration Adobe Photoshop Illustrator creative,BDes Visual Communication / BS Graphic Design / Diploma (2-4 years),50000,180000,NCA Lahore; Beaconhouse National University; Punjab University Fine Arts; Superior University,Indus Valley School of Art; NCA Karachi; University of Karachi,Peshawar College of Arts; Islamia College Peshawar,University of Balochistan Fine Arts,NCA Rawalpindi; COMSATS Islamabad; Foundation University,"Step 1: Matric with drawing or art inclination | Step 2: FA Fine Arts or ICS | Step 3: BDes Graphic Design or Diploma | Step 4: Master Adobe Photoshop, Illustrator, and InDesign | Step 5: Build Behance portfolio with 10+ projects | Step 6: Freelance on Fiverr for logo and branding work | Step 7: Work at design agency or in-house at media company | Step 8: Specialize in branding, UI, or motion graphics | Step 9: Lead designer or creative director roles","Create visual communication — logos, branding, posters, and digital graphics — for brands, agencies, and media across Pakistan."
UX/UI Designer,Design & Creative,FA (Arts) or ICS,UX UI user experience design app interface wireframe Figma Adobe XD product design digital,BDes Interaction Design / BS Computer Science + Design skills (4 years),70000,250000,NCA Lahore; Beaconhouse National University; FAST-NUCES Lahore,Indus Valley School of Art; NCA Karachi; FAST-NUCES Karachi,City University Peshawar; CECOS University,BUITEMS Quetta,NUST Design; NCA Rawalpindi; COMSATS Islamabad,"Step 1: Matric with any subjects | Step 2: FA Fine Arts or ICS | Step 3: BDes or BS Computer Science | Step 4: Learn Figma and Adobe XD for interface design | Step 5: Study UX research — user interviews, wireframing, prototyping | Step 6: Build portfolio with 5+ app design case studies | Step 7: Freelance for startups or intern at tech company | Step 8: Work as UX designer at software house or product company | Step 9: Senior UX lead or Head of Design",Design user interfaces and experiences for apps and websites — combining visual design with psychology to create intuitive digital products.
Fashion Designer,Design & Creative,FA (Arts) or ICS,fashion clothing design textile garments patterns couture styling brand Pakistan Lahore,BDes Fashion Design (4 years),50000,300000,NCA Lahore; Beaconhouse National University; PIFFD Lahore; Pakistan Institute of Fashion,Indus Valley School of Art; PFDC Karachi; NCA Karachi,Peshawar College of Arts,University of Balochistan Fine Arts,NCA Rawalpindi; Pakistan Institute of Fashion Islamabad,"Step 1: Matric with Drawing or Art talent | Step 2: FA Fine Arts intermediate | Step 3: BDes Fashion Design | Step 4: Learn pattern making, draping, and garment construction | Step 5: Intern at a fashion house — Khaadi, Gul Ahmed, or Sana Safinaz | Step 6: Participate in fashion weeks — PFDC and HUM Showcase | Step 7: Build signature style and client base | Step 8: Launch own clothing line or brand | Step 9: Show at international fashion weeks or export designs","Design clothing collections, create garments, and build fashion brands — working in Pakistan's thriving textile and fashion industry."
Interior Designer,Design & Creative,FA (Arts) or ICS,interior design space decor furniture aesthetics residential commercial architecture renovation,BDes Interior Design / BArch Interior Architecture (4 years),60000,200000,NCA Lahore; Beaconhouse National University; UET Lahore Architecture,Indus Valley School of Art; NCA Karachi; Bahria University Karachi,Peshawar College of Arts; City University Peshawar,BUITEMS Quetta,NUST; NCA Rawalpindi; Foundation University,"Step 1: Matric with Drawing skills | Step 2: FA Fine Arts or ICS | Step 3: BDes Interior Design | Step 4: Learn AutoCAD, SketchUp, and 3D rendering — V-Ray or Lumion | Step 5: Intern at interior design firm or architecture office | Step 6: Build portfolio with residential and commercial projects | Step 7: Work on home renovations, office fit-outs, and hospitality spaces | Step 8: Develop contractor and supplier network | Step 9: Open own design studio or specialize in luxury interiors","Transform living and working spaces through furniture selection, spatial planning, lighting, and aesthetics for homes, offices, and commercial spaces."
Video Editor,Design & Creative,FA (Arts) or ICS,video editing post-production film documentary YouTube ads Adobe Premiere Final Cut media,BS Mass Communication / BDes Film / Diploma in Film Production (2-4 years),50000,180000,Beaconhouse National University; Punjab University Mass Comm; Superior University Lahore,Indus Valley School of Art; Iqra University; University of Karachi,University of Peshawar; Islamia College,University of Balochistan,Bahria University; COMSATS; Foundation University,Step 1: Matric with any subjects | Step 2: FA or ICS intermediate | Step 3: BS Mass Comm or Film Diploma | Step 4: Master Adobe Premiere Pro and After Effects | Step 5: Build YouTube portfolio with edited reels and short films | Step 6: Freelance for content creators and YouTubers | Step 7: Learn color grading with DaVinci Resolve | Step 8: Work at media production house or advertising agency | Step 9: Senior editor or post-production supervisor roles,"Edit and assemble video footage into polished films, YouTube videos, commercials, and TV content — shaping stories through post-production."
Animator / Motion Designer,Design & Creative,FA (Arts) or ICS,animation 2D 3D motion graphics cartoon film visual effects Maya Blender After Effects,BDes Animation / BS Media Arts / Diploma in Animation (2-4 years),50000,200000,Beaconhouse National University; NCA Lahore; PUCIT Lahore,Indus Valley School of Art; NCA Karachi; Iqra University,Peshawar College of Arts; Islamia College,University of Balochistan,COMSATS Islamabad; Foundation University; NCA Rawalpindi,"Step 1: Matric with any subjects — drawing talent helps | Step 2: FA Fine Arts or ICS | Step 3: BDes Animation or self-learn via online courses | Step 4: Master Adobe After Effects for motion graphics | Step 5: Learn 3D animation with Blender or Maya | Step 6: Build portfolio with short animated videos | Step 7: Freelance on Fiverr for logo animations and explainer videos | Step 8: Work at animation studio, advertising agency, or media company | Step 9: Specialize in VFX, character animation, or motion design","Create animated videos, motion graphics, visual effects, and 2D/3D animation for advertising, entertainment, education, and digital media."
Photographer,Design & Creative,FA (Arts) or ICS,photography camera creative visual storytelling portrait wedding commercial editing,BDes Visual Arts / BS Mass Communication / Diploma in Photography (2-4 years),40000,200000,NCA Lahore; Beaconhouse National University; Punjab University Fine Arts,Indus Valley School of Art; NCA Karachi; University of Karachi,Peshawar College of Arts; Islamia College,University of Balochistan Fine Arts,NCA Rawalpindi; COMSATS; Foundation University,"Step 1: Matric with any subjects | Step 2: FA Fine Arts or any intermediate | Step 3: Diploma or BDes in Photography/Visual Arts | Step 4: Master DSLR camera settings and composition | Step 5: Learn Adobe Lightroom and Photoshop for editing | Step 6: Assist a professional photographer for 6-12 months | Step 7: Specialize in wedding, commercial, fashion, or journalism photography | Step 8: Build Behance and Instagram portfolio | Step 9: Work independently, with media houses, or advertising agencies","Capture images that tell stories — working in weddings, fashion, journalism, advertising, and commercial photography across Pakistan."
Product Designer,Design & Creative,FA (Arts) or ICS,product design industrial design manufacturing physical products prototyping ergonomics,BDes Industrial Design / BS Product Design (4 years),55000,180000,NCA Lahore; Beaconhouse National University; UET Lahore Design,Indus Valley School; NED University Industrial Design; NCA Karachi,Peshawar College of Arts; City University Peshawar,BUITEMS Quetta,NUST Design School; NCA Rawalpindi; COMSATS,"Step 1: Matric with Math and Drawing skills | Step 2: FA Fine Arts or ICS | Step 3: BDes Industrial or Product Design | Step 4: Learn CAD tools — SolidWorks, Rhino, Fusion 360 | Step 5: Build portfolio with real product concepts and prototypes | Step 6: Intern at manufacturing or consumer goods companies | Step 7: Understand manufacturing processes and material properties | Step 8: Work in furniture, appliance, textile, or packaging design | Step 9: Specialize in UI product design or sustainable design",Design physical products — from furniture and appliances to packaging and consumer goods — combining aesthetics with function and manufacturability.
Teacher,Education & Media,FA (Arts) or FSc,teaching school education children classroom learning subject Pakistan primary secondary,BS Education / BEd Bachelor of Education (4 years),40000,150000,University of Education Lahore; Allama Iqbal Open University; GCU Lahore; IER Punjab,University of Karachi Education; Institute of Education Aga Khan; University of Sindh,University of Peshawar Education; Abdul Wali Khan University,University of Balochistan Education; BUITEMS,Allama Iqbal Open University; International Islamic University; Federal Urdu University,Step 1: Matric with any subjects | Step 2: FA or FSc intermediate | Step 3: BS Education or BEd | Step 4: Practice teaching in schools during internship | Step 5: Get subject specialist certification from provincial government | Step 6: Appear in NTS or FPSC tests for government school positions | Step 7: Join private school or government school system | Step 8: Pursue MS Education for curriculum design or administration | Step 9: Move to school principal or education administrator role,Educate and inspire students at primary and secondary level — one of the most impactful careers for Pakistan's future development.
Journalist,Education & Media,FA (Arts) or FSc,journalism news media reporting TV broadcast writing investigative Urdu English press,BS Mass Communication / BS Journalism (4 years),45000,200000,Punjab University Mass Comm; Beaconhouse National University; Superior University Lahore,University of Karachi; Iqra University; SZABIST Karachi,University of Peshawar; Islamia College Peshawar,University of Balochistan,Bahria University; Quaid-i-Azam University; COMSATS Islamabad,"Step 1: Matric with strong Urdu and English | Step 2: FA or FSc intermediate | Step 3: BS Mass Communication or Journalism | Step 4: Intern at newspaper or TV channel — Geo, ARY, Dawn | Step 5: Start as sub-editor or junior reporter | Step 6: Build portfolio of published stories | Step 7: Specialize in politics, business, or investigative journalism | Step 8: Join major network or news agency — APP, Reuters | Step 9: Senior correspondent, anchor, or bureau chief positions","Report news and tell stories through television, print, radio, and digital media — keeping Pakistan informed and holding power accountable."
Content Creator,Education & Media,FA (Arts) or ICS,YouTube social media content digital video blogging influencer creative media TikTok,BS Mass Communication / BS Media Studies / Self-taught (2-4 years),40000,300000,Beaconhouse National University; Punjab University Mass Comm; UMT Lahore,Iqra University; University of Karachi; SZABIST Karachi,University of Peshawar; Islamia College Peshawar,University of Balochistan,Bahria University; COMSATS Islamabad; Allama Iqbal Open University,"Step 1: Matric with any subjects | Step 2: FA or ICS intermediate | Step 3: BS Mass Communication or start independently | Step 4: Learn video editing — Adobe Premiere, After Effects | Step 5: Start YouTube channel or Instagram page in your niche | Step 6: Learn SEO and social media growth strategies | Step 7: Grow audience to monetization threshold — 1000 subscribers | Step 8: Enable YouTube monetization and brand sponsorships | Step 9: Scale to agency or personal brand with own team","Create and publish digital content on YouTube, Instagram, TikTok, and blogs to build audiences and earn through ads and brand deals."
University Lecturer,Education & Media,FA (Arts) or FSc,teaching university research academia higher education lecturing subject expert PhD,MS / MPhil in relevant subject — PhD preferred (6-8 years),60000,200000,University of Punjab; GCU Lahore; LUMS; Forman Christian College,University of Karachi; IBA Karachi; Aga Khan University,University of Peshawar; Islamia College; Abdul Wali Khan University,University of Balochistan; BUITEMS Quetta,Quaid-i-Azam University; International Islamic University; NUST; COMSATS,Step 1: Strong Matric and intermediate results | Step 2: BS/BA in chosen subject — aim for distinction | Step 3: MS or MPhil degree with thesis | Step 4: Publish research papers in HEC-recognized journals | Step 5: Apply for lecturer positions at universities | Step 6: Register with HEC as approved supervisor | Step 7: Pursue PhD for promotion to Assistant Professor | Step 8: Build research profile with publications and funded projects | Step 9: Progress to Associate Professor then full Professor,"Teach degree-level courses at Pakistani universities, conduct research, publish academic work, and mentor the next generation of professionals."
Public Relations Officer,Education & Media,FA (Arts) or FSc,public relations communication media press brand reputation corporate PR events,BS Mass Communication / BA Public Relations / BBA (4 years),55000,180000,Punjab University; Beaconhouse National University; Superior University Lahore,University of Karachi; Iqra University; SZABIST Karachi,University of Peshawar; Islamia College Peshawar,University of Balochistan,Bahria University; COMSATS Islamabad; Quaid-i-Azam University,"Step 1: Matric with strong English and communication skills | Step 2: FA or FSc intermediate | Step 3: BS Mass Communication or BBA | Step 4: Learn corporate communication, media relations, and crisis management | Step 5: Intern at a PR agency or corporate communications department | Step 6: Build network with journalists and media houses | Step 7: Get PRSA or CIPR certification | Step 8: Work at a PR agency or in-house at a corporation | Step 9: Rise to Head of Communications or start own PR firm","Manage the public image of organizations, handle media relations, and craft messaging for brands, corporations, and government institutions."
Screenwriter / Author,Education & Media,FA (Arts) or FSc,writing screenwriting drama script storytelling creative writing author novels Urdu,BA Urdu / BA English Literature / BS Mass Communication (4 years),40000,200000,GCU Lahore; University of Punjab; Forman Christian College; Beaconhouse,University of Karachi; Iqra University; SZABIST,University of Peshawar; Islamia College,University of Balochistan,Quaid-i-Azam University; International Islamic University; AIOU,"Step 1: Matric with strong Urdu and English | Step 2: FA with Urdu or English Literature | Step 3: BA Urdu/English or BS Mass Communication | Step 4: Read extensively — Pakistani drama scripts, novels, and world literature | Step 5: Write short stories and submit to literary magazines | Step 6: Connect with ARY, HUM TV, or Geo production teams | Step 7: Write spec scripts and build writing portfolio | Step 8: Get commissioned for drama series or web series | Step 9: Publish novels or build reputation as senior scriptwriter","Write scripts for Pakistani TV dramas, films, and web series — or publish novels and literary work that shapes Pakistani culture and storytelling."
Event Manager,Education & Media,FA (Arts) or ICS,event management wedding corporate event planning organizing logistics creativity,BBA Event Management / BS Mass Communication / Any degree (4 years),50000,200000,UMT Lahore; Beaconhouse National University; Superior University,Iqra University; SZABIST; University of Karachi,Sarhad University; IBMS Peshawar,University of Balochistan,Bahria University; NUML Islamabad; Foundation University,"Step 1: Matric with any subjects — organizational skills key | Step 2: FA or ICS intermediate | Step 3: BBA Event Management or BS Mass Communication | Step 4: Assist at weddings, conferences, or corporate events | Step 5: Build vendor network — caterers, decorators, AV companies | Step 6: Get certified in event planning (CSEP or CMP) | Step 7: Manage small events independently to build portfolio | Step 8: Specialize in weddings, corporate events, or concerts | Step 9: Launch own event management company","Plan and execute weddings, corporate events, concerts, and conferences — combining creativity, logistics, and people management skills."
